<?xml version="1.0" encoding="UTF-8"?>
<?xml-stylesheet type="text/xsl" href="menu.xsl" ?>
<impdates>
<s>
    <sno>1</sno>
    <data>chicken curry</data>
    <sentfrom>mojito</sentfrom>
</s>
<s>
    <sno>2</sno>
    <data>sundae</data>
    <date>2022-12-18</date>
    <sentfrom>butter naan</sentfrom>
</s>
<s>
    <sno>3</sno>
    <data>relish your meal</data>
    <date>Hot deal</date>
    <sentfrom>300</sentfrom>
</s>
<s>
    <sno>4</sno>
    <data>Premium cusine</data>
    <date>500</date>
    <sentfrom>Italian pasta</sentfrom>
</s>
<s>
    <sno>5</sno>
    <data>Pizza</data>
    <date>750</date>
    <sentfrom>Milkshake</sentfrom>
</s>

    <sno>4</sno>
    <data>relish your meal</data>
    <date>Hot deal</date>
    <sentfrom>300</sentfrom>
</impdates>
